state,fips,hospitalized,hospitalizedCumulative,hospitalizedCurrently,hospitalizedIncrease
Washington,53,0,0,0,0
Illinois,17,0,0,0,0
California,06,0,0,0,0
Arizona,04,145,145,0,17
Massachusetts,25,71,71,0,10
Wisconsin,55,0,0,0,0
Texas,48,0,0,0,0
Nebraska,31,0,0,0,0
Utah,49,0,0,0,0
Oregon,41,0,0,0,0
Florida,12,185,185,0,27
New York,36,2354,2354,2043,823
Rhode Island,44,0,0,0,0
Georgia,13,0,0,0,0
New Hampshire,33,0,0,0,0
North Carolina,37,0,0,0,0
New Jersey,34,0,0,0,0
Colorado,08,58,58,74,9
Maryland,24,0,0,0,0
Nevada,32,0,0,0,0
Tennessee,47,0,0,0,0
Hawaii,15,0,0,0,0
Indiana,18,1,1,0,0
Kentucky,21,0,0,0,0
Minnesota,27,12,12,0,12
Oklahoma,40,11,11,0,1
Pennsylvania,42,0,0,0,0
South Carolina,45,0,0,0,0
District of Columbia,11,0,0,0,0
Kansas,20,0,0,0,0
Missouri,29,0,0,0,0
Vermont,50,0,0,0,0
Virginia,51,25,25,0,5
Connecticut,09,0,0,43,0
Iowa,19,0,0,0,0
Louisiana,22,0,0,0,0
Ohio,39,83,83,0,25
Michigan,26,0,0,0,0
South Dakota,46,0,0,0,0
Arkansas,05,0,0,13,0
Delaware,10,0,0,0,0
Mississippi,28,33,33,0,33
New Mexico,35,0,0,0,0
North Dakota,38,3,3,0,0
Wyoming,56,0,0,0,0
Alaska,02,1,1,0,0
Maine,23,0,0,0,0
Alabama,01,0,0,0,0
Idaho,16,0,0,0,0
Montana,30,0,0,0,0
West Virginia,54,1,1,0,0
